{
  "GCN": {
    "Organic": {
      "precision": 0.9994015559545183,
      "recall": 0.8238776517020227,
      "f1-score": 0.9031909140075717,
      "support": 2027.0
    },
    "Scam": {
      "precision": 0.25625,
      "recall": 0.9919354838709677,
      "f1-score": 0.40728476821192056,
      "support": 124.0
    },
    "accuracy": 0.8335657833565784,
    "macro avg": {
      "precision": 0.6278257779772591,
      "recall": 0.9079065677864953,
      "f1-score": 0.6552378411097461,
      "support": 2151.0
    },
    "weighted avg": {
      "precision": 0.9565606480333839,
      "recall": 0.8335657833565784,
      "f1-score": 0.8746031120184221,
      "support": 2151.0
    }
  },
  "GAT": {
    "Organic": {
      "precision": 0.9993997599039616,
      "recall": 0.8214109521460287,
      "f1-score": 0.9017059301380991,
      "support": 2027.0
    },
    "Scam": {
      "precision": 0.2536082474226804,
      "recall": 0.9919354838709677,
      "f1-score": 0.4039408866995074,
      "support": 124.0
    },
    "accuracy": 0.8312412831241283,
    "macro avg": {
      "precision": 0.6265040036633209,
      "recall": 0.9066732180084982,
      "f1-score": 0.6528234084188033,
      "support": 2151.0
    },
    "weighted avg": {
      "precision": 0.9564066648097361,
      "recall": 0.8312412831241283,
      "f1-score": 0.8730109671504722,
      "support": 2151.0
    }
  }
}