{
  "GNN (GraphSAGE-main)": {
    "Organic": {
      "precision": 0.9973579920739762,
      "recall": 0.7449432659102121,
      "f1-score": 0.8528664219147134,
      "support": 2027.0
    },
    "Scam": {
      "precision": 0.18838304552590268,
      "recall": 0.967741935483871,
      "f1-score": 0.31537450722733246,
      "support": 124.0
    },
    "accuracy": 0.7577870757787076,
    "macro avg": {
      "precision": 0.5928705187999395,
      "recall": 0.8563426006970416,
      "f1-score": 0.584120464571023,
      "support": 2151.0
    },
    "weighted avg": {
      "precision": 0.9507225232818046,
      "recall": 0.7577870757787076,
      "f1-score": 0.821881299915069,
      "support": 2151.0
    }
  },
  "XGBoost": {
    "Organic": {
      "precision": 0.9660359049005337,
      "recall": 0.9822397631968426,
      "f1-score": 0.9740704500978473,
      "support": 2027.0
    },
    "Scam": {
      "precision": 0.6,
      "recall": 0.43548387096774194,
      "f1-score": 0.5046728971962616,
      "support": 124.0
    },
    "accuracy": 0.9507205950720595,
    "macro avg": {
      "precision": 0.7830179524502668,
      "recall": 0.7088618170822922,
      "f1-score": 0.7393716736470545,
      "support": 2151.0
    },
    "weighted avg": {
      "precision": 0.9449348113590803,
      "recall": 0.9507205950720595,
      "f1-score": 0.9470108050212334,
      "support": 2151.0
    }
  }
}